uid,coordZ,coordY,coordX,diameter,final_prob
1.3.12.2.1107.5.1.4.73436.30000019051500062573200015246,16.0,370.338653564,399.34277343800005,13.6791381836,0.743896484375
1.3.12.2.1107.5.1.4.73436.30000019051500062573200015246,32.0,342.89538574200003,69.0892448425,6.77220153809,0.7231854200360001
1.2.840.113619.2.327.3.50990949.252.1557875858.398.3,49.0,279.80456543,417.494445801,7.45355224609,0.9371639490129999
1.2.840.113619.2.327.3.50990949.252.1557875858.398.3,44.0,330.942626953,84.0559616089,7.3840637207,0.711559534073
1.2.840.113619.2.327.3.50990949.252.1557875858.398.3,25.0,240.500579834,154.235435486,12.4762420654,0.7050229310989999
1.3.12.2.1107.5.1.4.73436.30000019051500062573200079788,12.0,286.713867188,230.310577393,9.98844909668,0.796760618687
1.3.12.2.1107.5.1.4.73436.30000019051500062573200079788,54.0,380.26818847699997,182.76904296900003,10.864532470699999,0.765052139759
1.2.840.113619.2.416.81398053531960545695849266224495021810,40.0,356.527938843,203.418411255,8.29791259766,0.834380090237
1.2.840.113619.2.80.2803643708.7205.1557904553.71.4.1,31.0,330.10458374,417.099914551,7.80078125,0.8042533993719999
1.2.840.113619.2.80.2803643708.7205.1557904553.71.4.1,27.0,299.895996094,81.5299987793,9.02276229858,0.7485703229899999
1.2.840.113619.2.80.2803643708.7205.1557904553.71.4.1,25.0,177.12521362299998,153.10003662100002,12.4790802002,0.652088582516
1.3.12.2.1107.5.1.4.73436.30000019051500062573200013545,55.0,167.010536194,422.497558594,13.2372093201,0.661149322987
1.2.840.113619.2.327.3.50990949.252.1557875858.398,49.0,279.69389343299997,417.62371826199995,8.002746582030001,0.934012711048
1.2.840.113619.2.327.3.50990949.252.1557875858.398,44.0,328.957901001,84.1386032104,8.79797363281,0.73850518465
1.2.840.113619.2.416.185672529007973468239270490648099079346,139.0,266.04758324204516,385.28609841520165,3.4830277654533424,0.966573238373
1.2.840.113619.2.416.185672529007973468239270490648099079346,139.0,270.96316528320307,389.1002197265625,2.3003100603818893,0.725607633591
1.2.840.113619.2.416.185672529007973468239270490648099079346,235.0,182.95202714589442,147.31865921736244,3.3593975132642315,0.960623919964
1.2.840.113619.2.416.185672529007973468239270490648099079346,223.0,182.24428208491932,226.6611578038369,3.70680002779774,0.9779883623119999
1.2.840.113619.2.416.185672529007973468239270490648099079346,255.7416615328239,204.92106176377197,109.05037744319431,3.719915589814156,0.9852811694149999
1.2.840.113619.2.416.185672529007973468239270490648099079346,259.0,205.41106297304955,97.87203095801772,3.5824564684664875,0.9601122736929999
1.2.840.113619.2.416.185672529007973468239270490648099079346,322.73119727363616,194.37574826122452,122.07250420753442,3.7197818278670978,0.990496098995
1.2.840.113619.2.416.185672529007973468239270490648099079346,290.0,332.81885222311064,123.85445603855896,4.399011685503217,0.972335338593
1.2.840.113619.2.416.185672529007973468239270490648099079346,320.0,357.2156814047869,203.7978668023241,6.596941019499322,0.984225332737
1.2.840.113619.2.416.185672529007973468239270490648099079346,348.55731389814775,159.30311215428233,135.82895382944628,3.003157007372049,0.685149669647
1.2.840.113619.2.416.185672529007973468239270490648099079346,362.0,199.5865386312717,411.0200721197117,4.467454143737457,0.988136291504
1.2.840.113619.2.416.35548681728510935866904450868894084077,104.72754136579094,333.18628777859385,328.09795620072794,3.812406594670191,0.9955784082410001
1.2.840.113619.2.416.35548681728510935866904450868894084077,165.0,217.14386235774086,316.5853785793094,3.1837757146093133,0.978461682796
1.2.840.113619.2.416.35548681728510935866904450868894084077,195.0,252.36044151418696,142.95167179147194,3.451801033674992,0.992537379265
1.2.840.113619.2.416.35548681728510935866904450868894084077,245.0,265.1703360059398,100.96827843108422,4.164778904331213,0.9931263327600001
1.2.840.113619.2.416.35548681728510935866904450868894084077,249.0,341.2750546956192,141.52988259450763,2.3437262713775344,0.881207942963
1.2.840.113619.2.416.35548681728510935866904450868894084077,362.0,128.25402700294217,134.72706293036063,4.628732942011926,0.9895017147059999
1.2.840.113619.2.416.35548681728510935866904450868894084077,384.0,203.1536284115212,377.32819816832716,3.7087479328549904,0.989434421062
1.2.840.113619.2.416.35548681728510935866904450868894084077,354.0,302.04323257808426,409.73991717919824,4.0775264372987,0.693381786346
1.2.840.113619.2.416.35548681728510935866904450868894084077,452.6242301382985,354.9721332789145,312.03252617357435,3.638106992622092,0.983511805534
1.2.840.113619.2.416.279755531128330819368098060801590982856,40.0,356.366119385,203.746810913,7.624771118160001,0.857173740864
1.2.840.113619.2.327.3.50990949.252.1557875858.398.5,176.0,299.7536926269531,231.302978515625,2.3573062662353523,0.7947255373000001
1.2.840.113619.2.327.3.50990949.252.1557875858.398.5,254.0,151.52629979430856,146.768367409169,4.907548336549043,0.808640897274
1.2.840.113619.2.327.3.50990949.252.1557875858.398.5,335.0,137.8707275390625,167.32879638671875,2.3110420825500486,0.691091895103
1.2.840.113619.2.327.3.50990949.252.1557875858.398.5,320.0,227.41158233976105,383.84269604763415,4.080074361180935,0.958191275597
1.2.840.113619.2.327.3.50990949.252.1557875858.398.5,350.4998707790884,254.2392277500687,81.39799908802098,8.021369157514929,0.961748301983
1.2.840.113619.2.327.3.50990949.252.1557875858.398.5,346.0,329.7646790493812,84.0434489712088,7.955501265426855,0.996263980865
1.2.840.113619.2.327.3.50990949.252.1557875858.398.5,345.0,309.149842898048,397.4625794776925,4.943483723800108,0.9514858126639999
1.2.840.113619.2.327.3.50990949.252.1557875858.398.5,390.0,279.75614195105567,416.81932124370616,7.803673772741157,0.999136984348
1.2.840.113619.2.327.3.50990949.252.1557875858.398.5,401.6248515221096,376.51090916402677,152.9153656134127,4.5455806701686905,0.955477297306
1.3.12.2.1107.5.1.4.73436.30000019051500062573200079864,12.0,287.341247559,230.052017212,10.795806884800001,0.806502223015
1.3.12.2.1107.5.1.4.73436.30000019051500062573200015300,43.0,182.999069214,249.44644165,70.18800354,0.6676095724109999
1.3.12.2.1107.5.1.4.73436.30000019051500062573200079940,27.0,209.47698050831826,320.116091814822,4.341617778968333,0.650852739811
1.3.12.2.1107.5.1.4.73436.30000019051500062573200079940,23.0,268.8728186017008,389.2634627454529,4.1933722900565735,0.7230899333949999
1.3.12.2.1107.5.1.4.73436.30000019051500062573200079940,48.0,175.30024364629548,182.7247251762661,3.983238898106968,0.6982832551
1.3.12.2.1107.5.1.4.73436.30000019051500062573200079940,36.0,263.4232850978765,416.22385188093637,4.097555897188502,0.6750292778020001
1.3.12.2.1107.5.1.4.73436.30000019051500062573200079940,41.0,247.59510198054107,113.94740922564414,4.178969681062034,0.684259355068
1.3.12.2.1107.5.1.4.73436.30000019051500062573200079940,42.0,223.47348837292736,153.8314242172966,4.276526467949024,0.688077390194
1.3.12.2.1107.5.1.4.73436.30000019051500062573200079940,32.0,186.20523071289062,315.13690185546875,2.3025961434468627,0.718825757504
1.3.12.2.1107.5.1.4.73436.30000019051500062573200079940,25.0,296.6616323863696,132.40241621283175,4.204534817669721,0.6745520830149999
1.3.12.2.1107.5.1.4.73436.30000019051500062573200079940,29.0,306.6748352050781,405.3297424316406,2.2893435498699546,0.675658762455
1.3.12.2.1107.5.1.4.73436.30000019051500062573200079940,35.0,180.02459973828618,306.9657327911894,4.059033596239056,0.810469090939
1.3.12.2.1107.5.1.4.73436.30000019051500062573200079940,22.0,284.6192490157082,364.1498835043718,4.150940775477378,0.7225606441500001
1.3.12.2.1107.5.1.4.73436.30000019051500062573200079940,29.0,293.8713917960266,136.47033498911657,4.340259947611207,0.777049422264
1.3.12.2.1107.5.1.4.73436.30000019051500062573200079940,35.0,250.2333764460404,400.7224438942227,4.4583203727916025,0.672158777714
1.3.12.2.1107.5.1.4.73436.30000019051500062573200079940,54.0,240.52069091796875,433.6885070800781,2.301950972992927,0.734488248825
1.3.12.2.1107.5.1.4.73436.30000019051500062573200079940,28.0,355.5400610757127,339.37023361763994,4.721923009922496,0.6516994237899999
1.3.12.2.1107.5.1.4.73436.30000019051500062573200079940,53.0,302.60435368562264,92.6818095111272,4.050421240014685,0.955102443695
1.3.12.2.1107.5.1.4.73436.30000019051500062573200079940,25.0,287.52546367277597,396.9167445593292,2.266564965004033,0.6826299428939999
1.3.12.2.1107.5.1.4.73436.30000019051500062573200079940,30.0,312.45892333984375,415.64453125,2.28224320197478,0.6723368167880001
1.3.12.2.1107.5.1.4.73436.30000019051500062573200079940,52.0,238.37019718204743,113.93708347104344,4.21557771127419,0.7791510224339999
1.3.12.2.1107.5.1.4.73436.30000019051500062573200079940,48.0,248.1724929993873,147.31306607475975,4.306242230494807,0.6776260733600001
1.3.12.2.1107.5.1.4.73436.30000019051500062573200079940,30.0,192.16647848665403,320.3030236929918,4.1710073884250685,0.779635965824
1.3.12.2.1107.5.1.4.73436.30000019051500062573200079940,33.075629890687324,178.35750766372124,333.0872528131954,4.509465633155089,0.709575414658
1.3.12.2.1107.5.1.4.73436.30000019051500062573200079940,56.0,361.6473388671875,346.0998229980469,2.2628487814217806,0.650735557079
1.3.12.2.1107.5.1.4.73436.30000019051500062573200079940,39.0,184.94951810211103,375.2193114295171,4.39703308505212,0.654344379902
1.3.12.2.1107.5.1.4.73436.30000019051500062573200079940,52.0,243.6919599990057,419.4072832808983,4.123896562256577,0.653155148029
1.2.840.113619.2.327.3.50990949.252.1557875858.398.4,50.0,311.26579528415226,381.50952048065943,4.9801163392513965,0.7889073491099999
1.2.840.113619.2.327.3.50990949.252.1557875858.398.4,51.0,282.5627400300877,393.24903252073227,3.926791360819293,0.707958102226
1.2.840.113619.2.327.3.50990949.252.1557875858.398.4,40.51410369875099,275.22041145951545,99.32344231793331,4.601016354100791,0.754002809525
1.2.840.113619.2.327.3.50990949.252.1557875858.398.4,32.0,216.133670730362,418.6708235955349,4.413440047709129,0.950920403004
1.2.840.113619.2.327.3.50990949.252.1557875858.398.4,49.0,281.34609247895463,418.0733075940295,5.756612845998405,0.992703914642
1.2.840.113619.2.327.3.50990949.252.1557875858.398.4,34.0,222.9432051051949,120.14735710743594,4.978419940792465,0.6604948043819999
1.2.840.113619.2.327.3.50990949.252.1557875858.398.4,39.0,146.2669622376717,373.15307136401395,3.3392795763514416,0.75643157959
1.2.840.113619.2.327.3.50990949.252.1557875858.398.4,35.0,203.47447862082657,158.0693091132377,4.8374967092562695,0.686802685261
1.2.840.113619.2.327.3.50990949.252.1557875858.398.4,39.0,327.6434631347656,130.93193054199222,4.215894466125489,0.654777169228
1.2.840.113619.2.327.3.50990949.252.1557875858.398.4,42.0,152.19906462534402,363.7285528123005,4.322603234242079,0.834293782711
1.2.840.113619.2.327.3.50990949.252.1557875858.398.4,30.0,144.70611572265625,323.9884033203125,2.314879222198486,0.779649555683
1.2.840.113619.2.327.3.50990949.252.1557875858.398.4,44.0,256.19090759953883,394.93871840749773,3.9060589689198486,0.8098869323729999
1.2.840.113619.2.327.3.50990949.252.1557875858.398.4,38.0,186.08321363559452,107.46140196522265,4.279197806706788,0.724802553654
1.2.840.113619.2.327.3.50990949.252.1557875858.398.4,16.0,246.3793190662264,335.88942126597,4.228228503873913,0.66769605875
1.2.840.113619.2.327.3.50990949.252.1557875858.398.4,40.0,144.54483032226562,147.36085510253906,4.093186061340332,0.7362912297249999
1.2.840.113619.2.327.3.50990949.252.1557875858.398.4,29.0,351.5104675292969,319.0060729980469,2.284146150360108,0.6794511675830001
1.2.840.113619.2.327.3.50990949.252.1557875858.398.4,44.0,261.36642456054693,393.8548278808594,4.046587351135254,0.652878761292
1.2.840.113619.2.327.3.50990949.252.1557875858.398.4,33.0,329.79437255859375,204.19384765625,3.94609780859375,0.720470011234
1.2.840.113619.2.327.3.50990949.252.1557875858.398.4,52.0,302.1446533203125,410.1310729980469,3.941974143737793,0.708594679832
1.2.840.113619.2.327.3.50990949.252.1557875858.398.4,47.0,161.04566955566406,363.7653198242188,4.379785031494142,0.7596803307529999
1.2.840.113619.2.327.3.50990949.252.1557875858.398.4,54.0,206.703125,412.3925476074219,2.270730617584229,0.669610440731
1.2.840.113619.2.327.3.50990949.252.1557875858.398.4,19.0,252.6540679931641,357.9114074707031,2.292272272125244,0.7519180774690001
1.2.840.113619.2.327.3.50990949.252.1557875858.398.4,49.0,319.43185958482377,96.62905690119075,4.087997960570345,0.680170655251
1.2.840.113619.2.327.3.50990949.252.1557875858.398.4,18.0,248.84527981590062,167.12976129913034,4.430451803523199,0.7793170213699999
1.2.840.113619.2.327.3.50990949.252.1557875858.398.4,45.0,132.33920288085938,141.20909118652344,2.39148190322876,0.7934634685519999
1.2.840.113619.2.327.3.50990949.252.1557875858.398.4,32.0,259.9444518172104,382.0291330516553,4.061350911097236,0.749727249146
1.2.840.113619.2.327.3.50990949.252.1557875858.398.4,42.0,236.758544921875,104.01563262939452,4.181433601257323,0.705749213696
1.2.840.113619.2.327.3.50990949.252.1557875858.398.4,44.0,255.10587575620275,81.51397064000952,7.0149250650004085,0.96014124155
1.2.840.113619.2.327.3.50990949.252.1557875858.398.4,22.0,228.90542908524014,124.31215430831487,4.0341076712760895,0.6887362599369999
1.2.840.113619.2.327.3.50990949.252.1557875858.398.4,52.0,299.1519826860031,405.57877508802125,4.079854858093084,0.744533240795
1.2.840.113619.2.327.3.50990949.252.1557875858.398.4,28.0,309.42332222853975,209.6339017818737,4.356148670210293,0.651950240135
1.2.840.113619.2.327.3.50990949.252.1557875858.398.4,47.0,249.3479386202734,399.51750779737574,4.054054610547111,0.7623160481450001
1.2.840.113619.2.327.3.50990949.252.1557875858.398.4,33.0,153.54597033133174,322.5633313949673,4.279417505676364,0.7260443568230001
1.2.840.113619.2.327.3.50990949.252.1557875858.398.4,53.0,358.0091857910156,175.57400512695312,4.096249249328613,0.7325596213339999
1.2.840.113619.2.327.3.50990949.252.1557875858.398.4,45.0,334.2211257163925,132.7705950267034,4.446225218076274,0.729903042316
1.2.840.113619.2.327.3.50990949.252.1557875858.398.4,22.0,244.53585815429688,357.3583679199219,4.860943513549804,0.661301732063
1.2.840.113619.2.327.3.50990949.252.1557875858.398.4,23.0,300.0446472167969,214.3434295654297,3.664561401550293,0.758551836014
1.2.840.113619.2.327.3.50990949.252.1557875858.398.4,18.0,298.8202209472656,231.6472320556641,4.046572153808594,0.795105159283
1.2.840.113619.2.327.3.50990949.252.1557875858.398.4,43.0,139.49719113633,148.14633077456227,4.019918737458427,0.6730170845990001
1.2.840.113619.2.327.3.50990949.252.1557875858.398.4,35.0,322.0864450814364,380.34724797896445,3.034036963203673,0.7551360130310001
1.2.840.113619.2.327.3.50990949.252.1557875858.398.4,17.0,283.8714294433594,358.2918701171875,3.9425816661376953,0.6883688569069999
1.2.840.113619.2.327.3.50990949.252.1557875858.398.4,46.0,366.3074035644531,169.2906036376953,4.184181722717287,0.6512320041659999
1.2.840.113619.2.327.3.50990949.252.1557875858.398.4,27.0,270.95391845703125,390.775634765625,4.348587514526368,0.735254108906
1.2.840.113619.2.327.3.50990949.252.1557875858.398.4,49.0,311.88720797572023,388.20762702226267,4.5566741413613565,0.9666767716410001
1.3.12.2.1107.5.1.4.73436.30000019051500062573200013622,52.0,341.0818587940292,379.5488167972557,3.9482556773884574,0.659462213516
1.3.12.2.1107.5.1.4.73436.30000019051500062573200013622,25.0,239.8529978579374,131.45044184713905,4.269244712636149,0.744741022587
1.3.12.2.1107.5.1.4.73436.30000019051500062573200013622,41.0,192.4691524377886,384.15716124015,4.244896755581382,0.71498811245
1.3.12.2.1107.5.1.4.73436.30000019051500062573200013622,56.0,306.66828721048387,412.7286675138432,4.432178989550182,0.734603345394
1.3.12.2.1107.5.1.4.73436.30000019051500062573200013622,41.0,176.74613257925515,172.64908190703682,4.879306106784463,0.6687647104259999
1.3.12.2.1107.5.1.4.73436.30000019051500062573200013622,51.0,333.22136448941643,192.2918593651384,4.712810857633127,0.708838880062
1.3.12.2.1107.5.1.4.73436.30000019051500062573200013622,17.0,253.31499610214587,340.6940520961251,4.6419389096462655,0.75094473362
1.3.12.2.1107.5.1.4.73436.30000019051500062573200013622,27.0,166.42361051177755,320.50318323149213,4.275259115104888,0.714165270329
1.3.12.2.1107.5.1.4.73436.30000019051500062573200013622,52.0,331.3281555175781,143.5485076904297,4.201728860847652,0.7232707142829999
1.3.12.2.1107.5.1.4.73436.30000019051500062573200013622,19.0,224.48967253610328,352.66185755978995,4.18413064674043,0.6906224489210001
1.3.12.2.1107.5.1.4.73436.30000019051500062573200013622,43.0,158.9738438507907,178.9923890527315,4.618638294153583,0.7165080904960001
1.3.12.2.1107.5.1.4.73436.30000019051500062573200013622,30.0,149.19827187060682,313.56424822088786,4.128458400926434,0.6717991232870001
1.3.12.2.1107.5.1.4.73436.30000019051500062573200013622,55.0,289.0903879943892,84.14631235451759,4.010404226381768,0.7261546254160001
1.3.12.2.1107.5.1.4.73436.30000019051500062573200013622,50.0,270.6459437712444,408.71940142145945,4.68585439800016,0.659979760647
1.3.12.2.1107.5.1.4.73436.30000019051500062573200013622,34.0,150.89640921542463,351.85888522727885,4.090111252096826,0.724073588848
1.3.12.2.1107.5.1.4.73436.30000019051500062573200013622,43.0,299.8599673212286,107.53034569410977,4.14572663113654,0.688385903835
1.3.12.2.1107.5.1.4.73436.30000019051500062573200013622,39.0,284.8185550614845,376.8871245416697,4.35663745649396,0.656592726707
1.3.12.2.1107.5.1.4.73436.30000019051500062573200013622,33.0,253.4136505126953,117.3561553955078,2.3435832615941763,0.7275937795640001
1.3.12.2.1107.5.1.4.73436.30000019051500062573200013622,37.0,316.30096435546875,297.2455749511719,2.282478845212609,0.727611064911
1.3.12.2.1107.5.1.4.73436.30000019051500062573200013622,53.0,335.3387342144982,202.02422688228125,4.041299562388032,0.664648711681
1.3.12.2.1107.5.1.4.73436.30000019051500062573200013622,51.0,309.73697505554367,214.08831846587836,3.9472363481328343,0.6551628708839999
1.3.12.2.1107.5.1.4.73436.30000019051500062573200013622,59.0,331.2366943359375,414.3367004394531,3.9088793182745576,0.68578851223
1.3.12.2.1107.5.1.4.73436.30000019051500062573200013622,26.0,239.63314819335938,139.91673278808594,4.756643230095506,0.7566497921940001
1.3.12.2.1107.5.1.4.73436.30000019051500062573200013622,42.0,185.3760681152344,126.8153839111328,4.352586376480758,0.842943370342
1.2.840.113619.2.416.290060387824044997349681001257591325679,33.0,247.57758207620617,387.0873211346623,3.969143279479197,0.696375370026
1.2.840.113619.2.416.290060387824044997349681001257591325679,33.0,269.21148681640625,397.8009643554688,2.2705452516674995,0.703203141689
1.2.840.113619.2.416.290060387824044997349681001257591325679,27.0,339.80355594504016,162.50948899810712,2.3480030039612085,0.856368482113
1.2.840.113619.2.416.290060387824044997349681001257591325679,26.0,204.48507690429688,121.73800659179688,2.2396537475287914,0.658514142036
1.2.840.113619.2.416.290060387824044997349681001257591325679,58.0,273.4827637603853,385.9806085118603,4.261907188769014,0.8084838390350001
1.2.840.113619.2.416.290060387824044997349681001257591325679,25.0,340.298095703125,312.6300048828125,4.099035635590553,0.8334141373630001
1.2.840.113619.2.416.290060387824044997349681001257591325679,28.0,199.2030936500554,229.77703112155152,4.134726330850604,0.690592110157
1.2.840.113619.2.416.290060387824044997349681001257591325679,57.0,216.30177053104268,373.2842832280017,4.05153924467015,0.6850941777230001
1.2.840.113619.2.416.290060387824044997349681001257591325679,39.0,280.1768143170146,369.4458395587241,4.061429429622125,0.6800048351289999
1.2.840.113619.2.416.290060387824044997349681001257591325679,52.0,268.6576814708074,118.5213658928776,4.411372556807747,0.9528899192810001
1.2.840.113619.2.416.290060387824044997349681001257591325679,20.0,241.68008925057003,356.31559512043367,3.8416676712768174,0.721389710903
1.2.840.113619.2.416.290060387824044997349681001257591325679,15.0,298.1658630371094,349.4281005859375,3.829552754759789,0.667497038841
1.2.840.113619.2.416.290060387824044997349681001257591325679,22.0,268.83740234375,169.14646911621094,2.3158249631524086,0.667278945446
1.2.840.113619.2.416.290060387824044997349681001257591325679,50.43933550642625,333.42218434969317,316.2987394498832,4.299833059378998,0.708212435246
1.2.840.113619.2.416.290060387824044997349681001257591325679,22.0,217.1167925212946,148.02390719256803,3.971606947371327,0.6614242792130001
1.2.840.113619.2.416.290060387824044997349681001257591325679,19.0,296.59100406693364,358.0954355883938,4.222214059745998,0.662034630775
1.2.840.113619.2.416.290060387824044997349681001257591325679,32.0,271.4080810546875,389.0944519042969,4.155195727944373,0.699218273163
1.2.840.113619.2.416.290060387824044997349681001257591325679,23.0,298.3580322265625,143.95986938476562,3.980518877506256,0.76501506567
1.2.840.113619.2.416.290060387824044997349681001257591325679,36.0,221.6831970214844,113.40310668945312,3.861147835850716,0.806833267212
1.2.840.113619.2.416.290060387824044997349681001257591325679,28.0,334.38861083984375,166.09494018554688,2.2904680296778683,0.725521504879
1.2.840.113619.2.416.290060387824044997349681001257591325679,40.0,190.0743204903934,355.6970957371717,4.406923131494665,0.8831044435500001
1.2.840.113619.2.416.290060387824044997349681001257591325679,26.0,196.46382490569488,329.81924488723723,4.36660349281282,0.816544234753
1.2.840.113619.2.416.290060387824044997349681001257591325679,27.0,211.0430492447306,348.76159234439467,4.513269959520406,0.668421924114
1.2.840.113619.2.416.290060387824044997349681001257591325679,40.0,276.82496578224675,364.08766363834985,4.0938342021063665,0.6940838694570001
1.2.840.113619.2.416.290060387824044997349681001257591325679,29.0,332.5865864688147,304.00552058599885,4.686408602866585,0.744575500488
1.2.840.113619.2.416.290060387824044997349681001257591325679,57.0,319.14723550179025,322.65864587166453,4.114576092173203,0.748435676098
1.2.840.113619.2.416.290060387824044997349681001257591325679,37.0,202.181417063741,119.77164132844796,4.30774283542265,0.790220856667
1.3.12.2.1107.5.1.4.73436.30000019051500062573200014492,128.61235881501304,211.60315032260402,148.80991174189742,4.5549392779196936,0.953691005707
1.3.12.2.1107.5.1.4.73436.30000019051500062573200014492,253.0,324.6336691049838,321.09698523088815,4.35382715199553,0.7318272590639999
1.3.12.2.1107.5.1.4.73436.30000019051500062573200014492,224.96513478101963,358.5536122693669,160.1746098225907,3.633168538410764,0.9715877771379999
1.3.12.2.1107.5.1.4.73436.30000019051500062573200014492,301.0,206.82894044284797,104.56083028249584,3.948889143685463,0.7830868959430001
1.3.12.2.1107.5.1.4.73436.30000019051500062573200014492,372.0,149.862224564433,145.86581350259954,4.506271528073277,0.963629066944
1.3.12.2.1107.5.1.4.73436.30000019051500062573200014492,420.35460676252035,172.41192596806565,402.07172840929627,3.6007972687464664,0.977348148823
1.3.12.2.1107.5.1.4.73436.30000019051500062573200014492,521.0,272.04305631197064,79.67166547072341,4.411074114221843,0.993920266628
1.3.12.2.1107.5.1.4.73436.30000019051500062573200014492,452.0,266.66284828994003,287.08925812306353,4.247449257310621,0.958894312382
1.3.12.2.1107.5.1.4.73436.30000019051500062573200014492,455.0,302.3877258300781,77.61880493164062,2.289398625958711,0.7288618683820001
1.3.12.2.1107.5.1.4.73436.30000019051500062573200080016,66.0,287.4118160789642,189.5487295162172,3.5457754289708423,0.979836583138
1.3.12.2.1107.5.1.4.73436.30000019051500062573200080016,67.46339365098649,314.8666571329345,292.3058220216066,6.564208513559662,0.973011732101
1.3.12.2.1107.5.1.4.73436.30000019051500062573200080016,98.0,294.71179921335283,371.3229249750472,3.0647966953901267,0.697162926197
1.3.12.2.1107.5.1.4.73436.30000019051500062573200080016,135.0,285.6497497558594,130.47225952148438,2.24611239368096,0.675697147846
1.3.12.2.1107.5.1.4.73436.30000019051500062573200080016,125.0,285.7249592462635,229.1280627255757,7.963617252153382,0.99250638485
1.3.12.2.1107.5.1.4.73436.30000019051500062573200080016,575.6334326943229,239.50680522325348,449.804458337198,3.0902332951845084,0.8809282779690001
1.3.12.2.1107.5.1.4.73436.30000019051500062573200080016,537.0,382.0413462584504,181.26027960052173,8.506012839520707,0.742630839348
1.2.840.113619.2.416.317363818772858636409155755003806020380,24.0,193.25749252912743,151.24055006292156,4.108137472344115,0.773937940598
1.2.840.113619.2.416.317363818772858636409155755003806020380,47.0,317.71537487376185,178.05632037861923,4.158563686998145,0.704561948776
1.2.840.113619.2.416.317363818772858636409155755003806020380,45.0,333.2711486816406,335.97137451171875,2.297617457807064,0.7918427586560001
1.2.840.113619.2.416.317363818772858636409155755003806020380,18.0,251.1717066705164,352.7216537064888,3.5246936527977284,0.9721174836159999
1.2.840.113619.2.416.317363818772858636409155755003806020380,20.0,217.7632562477881,163.75404409775862,4.02018794999401,0.7303683161740001
1.2.840.113619.2.416.317363818772858636409155755003806020380,18.0,273.131533945748,150.98911548155237,3.692200256685814,0.961588799953
1.2.840.113619.2.416.317363818772858636409155755003806020380,49.0,318.6851501464844,150.83741760253906,2.297631539404392,0.676798939705
1.2.840.113619.2.416.317363818772858636409155755003806020380,42.0,318.1697692871094,318.9376525878906,4.137648046016693,0.667843341827
1.2.840.113619.2.416.317363818772858636409155755003806020380,21.0,232.79578884669533,146.40965323695983,3.9976470110300992,0.79763764143
1.2.840.113619.2.416.317363818772858636409155755003806020380,52.0,283.76336669921875,387.1330871582031,4.055986851453781,0.690312206745
1.2.840.113619.2.416.317363818772858636409155755003806020380,35.0,198.919677734375,121.17447662353516,4.770007990300655,0.7976071238519999
1.2.840.113619.2.416.317363818772858636409155755003806020380,48.0,292.4451770017345,211.89119305008904,4.156477239160114,0.784285843372
1.2.840.113619.2.416.317363818772858636409155755003806020380,28.0,168.14732360839844,321.7106628417969,2.302223984152078,0.845462799072
1.2.840.113619.2.416.317363818772858636409155755003806020380,37.0,181.9263610839844,128.12884521484378,4.021676704287529,0.699141800404
1.2.840.113619.2.416.317363818772858636409155755003806020380,45.0,289.60499218727955,126.89252750514844,4.217843584957776,0.725877583027
1.2.840.113619.2.416.317363818772858636409155755003806020380,33.0,217.42464834753932,176.97706421003997,4.9436347203042335,0.714190900326
1.2.840.113619.2.416.317363818772858636409155755003806020380,16.0,293.8922424316406,360.3393249511719,2.2636104002594952,0.696069061756
1.2.840.113619.2.416.317363818772858636409155755003806020380,31.0,309.06847172939547,348.36263255553047,4.714102981648264,0.716816902161
1.2.840.113619.2.416.317363818772858636409155755003806020380,19.470726033930216,289.4297684590602,356.08317088279375,3.88096267893929,0.7055999040600001
1.2.840.113619.2.416.317363818772858636409155755003806020380,23.0,225.7382250249528,141.41928016467682,4.158790234442327,0.689859092236
1.2.840.113619.2.416.317363818772858636409155755003806020380,39.0,171.22767007881484,177.00802342963158,4.244285245696482,0.660309255123
1.2.840.113619.2.416.317363818772858636409155755003806020380,21.0,225.1632846274966,169.3396573973617,4.1985893609333145,0.8206606507299999
1.2.840.113619.2.416.317363818772858636409155755003806020380,44.0,282.6383972167969,394.4286804199219,2.2762935608625408,0.6823188662530001
1.2.840.113619.2.416.317363818772858636409155755003806020380,39.0,240.91444423556968,141.97133308592691,4.400483283216288,0.6822811365129999
1.2.840.113619.2.416.317363818772858636409155755003806020380,18.0,279.7168091114743,347.08150630625533,2.3051838287020434,0.872392356396
1.2.840.113619.2.416.317363818772858636409155755003806020380,32.0,205.05382527126147,108.91525918044329,3.564956292994291,0.988864064217
1.2.840.113619.2.416.317363818772858636409155755003806020380,50.0,324.4200134277344,149.8121795654297,2.3215846717357635,0.7722363471979999
1.2.840.113619.2.416.317363818772858636409155755003806020380,25.0,174.501708984375,309.1230163574219,2.2487808018922806,0.667767763138
1.2.840.113619.2.416.317363818772858636409155755003806020380,25.0,308.19219970703125,295.79425048828125,4.2687178775668135,0.715361714363
1.2.840.113619.2.416.317363818772858636409155755003806020380,37.45036979002358,244.8041580854168,379.4055367911611,4.172904212161874,0.753919661045
1.2.840.113619.2.416.317363818772858636409155755003806020380,46.0,269.67166387287233,105.89324381274652,4.097427092946441,0.706790745258
1.2.840.113619.2.416.317363818772858636409155755003806020380,40.0,168.31327991365802,150.40228143127217,4.184565089676556,0.73247140646
1.2.840.113619.2.416.317363818772858636409155755003806020380,40.0,244.10533142089844,134.02409362792972,4.216323271393777,0.7676770091060001
1.2.840.113619.2.416.317363818772858636409155755003806020380,35.0,168.7638397216797,156.64488220214844,2.249110043048858,0.679391920567
1.2.840.113619.2.416.317363818772858636409155755003806020380,41.0,229.02572086477528,371.0593851476989,4.175433643933574,0.681573331356
1.2.840.113619.2.416.317363818772858636409155755003806020380,43.0,225.5235290527344,122.70923614501952,3.8153300061821938,0.717472791672
